session_type,sessions,conversions,conversion_rate,revenue_per_session,avg_pages
Repeat,78553,6149,0.07827835983348641,4.7386456277924465,2.723778849948384
New,394318,26164,0.06635253779940019,3.9721111387297,2.4705009662256394
