cluster,archetype,n_sessions,pct_of_total,avg_page_depth,median_page_depth,avg_duration_sec,avg_pages_per_min,pct_viewed_products,avg_products_viewed,pct_reached_cart,pct_reached_shipping,pct_reached_billing,conversion_rate,revenue_per_session,pct_mobile,pct_repeat
5,Bouncer,211640,0.44756392335330353,1,1,0,1,0,0,0,0,0,0,0,0.36353241353241356,0.13744566244566245
2,Window Shopper,153800,0.32524726616772864,2.7247269180755045,3,305.65020806241336,0.6244151684460597,1,1,0,0,0,0,0,0.2894668400520156,0.18979843953185957
1,Deep Engager,51921,0.10979950134391832,6.62042333545192,7,826.3384565012227,0.5074784192295252,1,1,1,1,0.9980739970339553,0.6223493384179934,37.335755282062344,0.16024344677490804,0.18824752990119606
4,Cart Abandoner,42952,0.09083238346187437,4.297960514062209,4,502.000745017694,0.5664804154096098,1,1,1,0.29244272676475985,0.005517787297448415,0,0,0.2665999254982306,0.19151611100763644
3,Window Shopper,12558,0.026556925673175136,2.3153368370759733,2,59.80546265328893,2.6539985234915893,1,1,0.006370441153049995,1.592610288262508e-4,0,0,0,0.36749482401656314,0.18100015926102883
