archetype,total_sessions,unique_sequences,diversity_ratio,entropy
Deep Engager,51921,12,2.3112035592534814e-4,1.8594555717368038
Cart Abandoner,42952,12,2.793816353138387e-4,1.830674511900482
Window Shopper,166358,11,6.61224587936859e-5,1.582210917268388
Bouncer,211640,2,9.45000945000945e-6,0.5842114613645696
