archetype,Paid - Nonbrand,Other,Paid - Brand
Bouncer,0.7270648270648271,0.1962814212814213,0.07665375165375166
Cart Abandoner,0.6995017694170237,0.20369249394673122,0.09680573663624512
Deep Engager,0.7040889042969126,0.19912944665934784,0.09678164904373952
Window Shopper,0.704126041428726,0.20067565130621912,0.09519830726505488
