archetype,desktop,mobile
Bouncer,0.6364675864675865,0.36353241353241356
Cart Abandoner,0.7334000745017695,0.2665999254982306
Deep Engager,0.839756553225092,0.16024344677490804
Window Shopper,0.7046429988338403,0.2953570011661597
