total_sessions,total_conversions,conversion_rate,total_revenue,revenue_per_session,avg_order_value,avg_pages_per_session,pct_reached_cart,pct_reached_billing
472871,32313,0.06833364702006071,1938509.7499996577,4.099447312267363,59.991636493050954,2.5125753112371894,0.20080106413784765,0.11008922095037986
