device_type,sessions,conversions,conversion_rate,revenue_per_session,avg_pages
desktop,327027,27805,0.0850235607458307,5.09364009700121,2.6968415451943835
mobile,145844,4508,0.03090973917337029,1.8701620224351276,2.0993938729053427
