k,wss,silhouette
2,1379859.9492541244,0.6367856884875225
3,653159.0172502424,0.7334383164671159
4,419450.7164240982,0.7758807789901413
5,251670.5235952951,0.7881314885178893
6,176578.71988563368,0.7682217320478936
7,217128.2618466984,0.7365882361374082
8,142166.81313331373,0.7096212364765233
