archetype,landing_page,n,pct
Bouncer,Landing Page,154294,0.729039879039879
Bouncer,Other,57346,0.27096012096012095
Cart Abandoner,Landing Page,29750,0.6926336375488917
Cart Abandoner,Other,13202,0.3073663624511082
Deep Engager,Landing Page,36210,0.697405674004738
Deep Engager,Other,15711,0.30259432599526204
Window Shopper,Landing Page,115041,0.69152670746222
Window Shopper,Other,51317,0.30847329253777994
