archetype,pct_weekend,pct_business_hours,pct_evening,pct_holiday
Bouncer,0.15096862596862598,0.572037422037422,0.2266017766017766,0.22915800415800416
Cart Abandoner,0.1502840379959024,0.5689141367107469,0.23167722108400074,0.22604302477183832
Deep Engager,0.151037152597215,0.5710791394618747,0.22767281061612835,0.22969511373047513
Window Shopper,0.153638538573438,0.5696810493033098,0.22955313240120703,0.23180730713280998
