archetype,New,Repeat
Bouncer,0.8625543375543375,0.13744566244566245
Cart Abandoner,0.8084838889923636,0.19151611100763644
Deep Engager,0.8117524700988039,0.18824752990119606
Window Shopper,0.8108657233195878,0.18913427668041213
